{"train/loss": 2.3883, "train/grad_norm": 3.5461254119873047, "train/learning_rate": 7.708779443254819e-07, "train/epoch": 0.9984, "train/global_step": 468, "_timestamp": 1717518005.8115602, "_runtime": 67005.12194824219, "_step": 36, "eval/loss": 2.3909223079681396, "eval/runtime": 1583.8016, "eval/samples_per_second": 4.735, "eval/steps_per_second": 0.296, "train_runtime": 66988.4566, "train_samples_per_second": 0.896, "train_steps_per_second": 0.007, "total_flos": 1.0915954266361037e+17, "train_loss": 2.562948194324461, "_wandb": {"runtime": 67006}}