{"train/loss": 5.7735, "train/grad_norm": 10.265023231506348, "train/learning_rate": 0.0, "train/epoch": 4.363636363636363, "train/global_step": 6, "_timestamp": 1716148975.1841342, "_runtime": 288.1848793029785, "_step": 6, "train_runtime": 275.7428, "train_samples_per_second": 7.616, "train_steps_per_second": 0.022, "total_flos": 986659554435072.0, "train_loss": 5.90385897954305, "_wandb": {"runtime": 287}}