{"train/loss": 4.1197, "train/grad_norm": 6.101316452026367, "train/learning_rate": 0.0, "train/epoch": 8.727272727272727, "train/global_step": 12, "_timestamp": 1715969899.3880687, "_runtime": 275.9726867675781, "_step": 12, "train_runtime": 276.6146, "train_samples_per_second": 15.184, "train_steps_per_second": 0.043, "total_flos": 2428808846794752.0, "train_loss": 4.322114268938701, "_wandb": {"runtime": 276}}