{"train/loss": 2.2498, "train/grad_norm": 1.7363048791885376, "train/learning_rate": 0.0, "train/epoch": 4.363636363636363, "train/global_step": 12, "_timestamp": 1716958379.3882906, "_runtime": 1076.7879166603088, "_step": 12, "train_runtime": 1069.6699, "train_samples_per_second": 1.963, "train_steps_per_second": 0.011, "total_flos": 3941248391823360.0, "train_loss": 2.2935616970062256, "_wandb": {"runtime": 1077}}