{"train/loss": 2.7233, "train/grad_norm": 4.518271446228027, "train/learning_rate": 0.0, "train/epoch": 4.363636363636363, "train/global_step": 6, "_timestamp": 1716223667.3814275, "_runtime": 1257.1459574699402, "_step": 6, "train_runtime": 1244.877, "train_samples_per_second": 1.687, "train_steps_per_second": 0.005, "total_flos": 4549927860854784.0, "train_loss": 2.731464068094889, "_wandb": {"runtime": 1257}}