{"train/loss": 1.2232, "train/grad_norm": 0.8744862675666809, "train/learning_rate": 0.00017605281584475344, "train/epoch": 0.0019678583142013774, "train/global_step": 12, "_timestamp": 1715728534.4832196, "_runtime": 69.59505558013916, "_step": 11}