{"train/loss": 2.0233, "train/grad_norm": 1.5821293592453003, "train/learning_rate": 0.0, "train/epoch": 4.363636363636363, "train/global_step": 12, "_timestamp": 1716960837.4055154, "_runtime": 1085.4394743442535, "_step": 12, "train_runtime": 1078.5139, "train_samples_per_second": 1.947, "train_steps_per_second": 0.011, "total_flos": 3941248391823360.0, "train_loss": 2.060034225384394, "_wandb": {"runtime": 1086}}