{"train/loss": 4.6592, "train/grad_norm": 6.806066989898682, "train/learning_rate": 0.0, "train/epoch": 4.363636363636363, "train/global_step": 6, "_timestamp": 1716078357.4609218, "_runtime": 312.62217473983765, "_step": 6, "train_runtime": 305.9472, "train_samples_per_second": 6.864, "train_steps_per_second": 0.02, "total_flos": 1201881731530752.0, "train_loss": 4.808535099029541, "_wandb": {"runtime": 312}}