{"train/loss": 8.5631, "train/grad_norm": 8.630073547363281, "train/learning_rate": 1.6750418760469013e-05, "train/epoch": 0.7272727272727273, "train/global_step": 1, "_timestamp": 1716842281.8391619, "_runtime": 758.3033258914948, "_step": 0, "_wandb": {"runtime": 1260}}