{"train/loss": 1.5385, "train/grad_norm": 1.6413296461105347, "train/learning_rate": 1.8941742383752007e-05, "train/epoch": 0.21333333333333335, "train/global_step": 100, "_timestamp": 1717180438.67774, "_runtime": 14230.42172408104, "_step": 7, "eval/loss": 1.5113672018051147, "eval/runtime": 1608.1383, "eval/samples_per_second": 4.664, "eval/steps_per_second": 0.292, "_wandb": {"runtime": 15916}}