{"train/loss": 4.6579, "train/grad_norm": 6.782829761505127, "train/learning_rate": 0.0, "train/epoch": 4.363636363636363, "train/global_step": 6, "_timestamp": 1716128935.7620027, "_runtime": 312.18537068367004, "_step": 6, "train_runtime": 305.2363, "train_samples_per_second": 6.88, "train_steps_per_second": 0.02, "total_flos": 1201881731530752.0, "train_loss": 4.807780424753825, "_wandb": {"runtime": 311}}