{"train/loss": 1.8365, "train/grad_norm": 3.0503509044647217, "train/learning_rate": 0.0, "train/epoch": 3.9936, "train/global_step": 936, "_timestamp": 1716434712.6202736, "_runtime": 40532.82070851326, "_step": 936, "train_runtime": 40414.816, "train_samples_per_second": 5.938, "train_steps_per_second": 0.023, "total_flos": 1.527676434551931e+17, "train_loss": 2.159322741704109, "_wandb": {"runtime": 40533}}