{"train/loss": 2.0779, "train/grad_norm": 2.072575569152832, "train/learning_rate": 9.33760683760684e-06, "train/epoch": 0.9994666666666666, "train/global_step": 937, "_timestamp": 1717347345.5315983, "_runtime": 7534.187757253647, "_step": 1, "train_runtime": 7418.403, "train_samples_per_second": 8.088, "train_steps_per_second": 0.126, "total_flos": 3.3583534781005824e+16, "train_loss": 1.7699108795524279, "_wandb": {"runtime": 7534}}