{"train/loss": 2.1012, "train/grad_norm": 12.200529098510742, "train/learning_rate": 0.0, "train/epoch": 4.363636363636363, "train/global_step": 12, "_timestamp": 1716969723.3049815, "_runtime": 3979.6894314289093, "_step": 12, "train_runtime": 3969.4463, "train_samples_per_second": 0.529, "train_steps_per_second": 0.003, "total_flos": 1.5171871913938944e+16, "train_loss": 2.348362445831299, "_wandb": {"runtime": 3980}}