{"train/loss": 4.3505, "train/grad_norm": 6.726237773895264, "train/learning_rate": 0.0, "train/epoch": 4.363636363636363, "train/global_step": 6, "_timestamp": 1715971369.9176087, "_runtime": 134.54562664031982, "_step": 6, "train_runtime": 135.2347, "train_samples_per_second": 15.529, "train_steps_per_second": 0.044, "total_flos": 1201881731530752.0, "train_loss": 4.451496998469035, "_wandb": {"runtime": 134}}