{"train/loss": 1.9574, "train/grad_norm": 9.315275192260742, "train/learning_rate": 0.0, "train/epoch": 4.363636363636363, "train/global_step": 12, "_timestamp": 1716964810.6750932, "_runtime": 3962.302639245987, "_step": 12, "train_runtime": 3952.0592, "train_samples_per_second": 0.531, "train_steps_per_second": 0.003, "total_flos": 1.521013340000256e+16, "train_loss": 2.159023533264796, "_wandb": {"runtime": 3963}}