{"train/loss": 8.9434, "train/grad_norm": 8.68553352355957, "train/learning_rate": 1.6750418760469013e-05, "train/epoch": 0.7272727272727273, "train/global_step": 1, "_timestamp": 1716908330.9257238, "_runtime": 766.0822746753693, "_step": 0, "_wandb": {"runtime": 1268}}