{"train/loss": 10.1961, "train/grad_norm": 14.574703216552734, "train/learning_rate": 0.0, "train/epoch": 4.363636363636363, "train/global_step": 6, "_timestamp": 1716154641.0689485, "_runtime": 291.0492424964905, "_step": 6, "train_runtime": 278.9448, "train_samples_per_second": 7.528, "train_steps_per_second": 0.022, "total_flos": 986659554435072.0, "train_loss": 11.155469099680582, "_wandb": {"runtime": 291}}