{"train/loss": 1.9626, "train/grad_norm": 2.842219352722168, "train/learning_rate": 0.0, "train/epoch": 3.9936, "train/global_step": 936, "_timestamp": 1716627815.094856, "_runtime": 141663.3339960575, "_step": 936, "train_runtime": 141543.0431, "train_samples_per_second": 1.696, "train_steps_per_second": 0.007, "total_flos": 5.895635101249044e+17, "train_loss": 2.5884288209371076, "_wandb": {"runtime": 141664}}