{"train/loss": 10.1927, "train/grad_norm": 14.743387222290039, "train/learning_rate": 0.0, "train/epoch": 4.363636363636363, "train/global_step": 6, "_timestamp": 1716151955.4039009, "_runtime": 430.3264329433441, "_step": 6, "train_runtime": 276.0028, "train_samples_per_second": 7.609, "train_steps_per_second": 0.022, "total_flos": 986659554435072.0, "train_loss": 11.153913338979086, "_wandb": {"runtime": 430}}