{"train/loss": 7.0886, "train/grad_norm": 33.32475280761719, "train/learning_rate": 0.0, "train/epoch": 4.363636363636363, "train/global_step": 6, "_timestamp": 1716312977.375228, "_runtime": 241.520840883255, "_step": 6, "train_runtime": 234.3828, "train_samples_per_second": 8.96, "train_steps_per_second": 0.026, "total_flos": 820885321531392.0, "train_loss": 7.621585448582967, "_wandb": {"runtime": 242}}