{"train/loss": 6.6883, "train/grad_norm": 8.704157829284668, "train/learning_rate": 0.0, "train/epoch": 4.363636363636363, "train/global_step": 12, "_timestamp": 1716918761.6468089, "_runtime": 4147.519528865814, "_step": 12, "train_runtime": 4126.973, "train_samples_per_second": 0.509, "train_steps_per_second": 0.003, "total_flos": 1.6012002549325824e+16, "train_loss": 7.645813544591268, "_wandb": {"runtime": 4148}}