{"train/loss": 5.3006, "train/grad_norm": 9.37352180480957, "train/learning_rate": 0.0, "train/epoch": 4.363636363636363, "train/global_step": 6, "_timestamp": 1716221030.0218163, "_runtime": 315.28747820854187, "_step": 6, "train_runtime": 303.1701, "train_samples_per_second": 6.927, "train_steps_per_second": 0.02, "total_flos": 1100365102104576.0, "train_loss": 5.375572204589844, "_wandb": {"runtime": 316}}