{"train/loss": 4.2715, "train/grad_norm": 4.702542781829834, "train/learning_rate": 0.0, "train/epoch": 4.363636363636363, "train/global_step": 6, "_timestamp": 1716393004.1884944, "_runtime": 1156.4217464923859, "_step": 6, "train_runtime": 1144.2406, "train_samples_per_second": 1.835, "train_steps_per_second": 0.005, "total_flos": 4595939172925440.0, "train_loss": 4.604453245798747, "_wandb": {"runtime": 1157}}