{"train/loss": 6.9665, "train/grad_norm": 20.27189826965332, "train/learning_rate": 0.0, "train/epoch": 4.363636363636363, "train/global_step": 6, "_timestamp": 1716312609.044531, "_runtime": 380.4706211090088, "_step": 6, "train_runtime": 373.6145, "train_samples_per_second": 5.621, "train_steps_per_second": 0.016, "total_flos": 805581182803968.0, "train_loss": 7.5336103439331055, "_wandb": {"runtime": 381}}