{"train/loss": 1.1201, "train/grad_norm": 0.5373067855834961, "train/learning_rate": 0.0, "train/epoch": 2.6666666666666665, "train/global_step": 3, "_timestamp": 1715965042.7442088, "_runtime": 80.70313692092896, "_step": 3, "train_runtime": 81.3167, "train_samples_per_second": 12.912, "train_steps_per_second": 0.037, "total_flos": 833062691758080.0, "train_loss": 1.5037237803141277, "_wandb": {"runtime": 80}}