{"train/loss": 1.6191, "train/grad_norm": 3.227778196334839, "train/learning_rate": 0.0, "train/epoch": 3.9936, "train/global_step": 1872, "_timestamp": 1717136856.3455586, "_runtime": 46089.04929471016, "_step": 1872, "train_runtime": 45972.3974, "train_samples_per_second": 5.221, "train_steps_per_second": 0.041, "total_flos": 1.4561826189213696e+17, "train_loss": 1.8015549827972028, "_wandb": {"runtime": 46089}}