{"train/loss": 7.0868, "train/grad_norm": 21.573392868041992, "train/learning_rate": 0.0, "train/epoch": 4.363636363636363, "train/global_step": 6, "_timestamp": 1716327299.9027169, "_runtime": 219.11734080314636, "_step": 6, "train_runtime": 212.2606, "train_samples_per_second": 9.894, "train_steps_per_second": 0.028, "total_flos": 820885321531392.0, "train_loss": 7.624538818995158, "_wandb": {"runtime": 219}}