{"train/loss": 1.8484, "train/grad_norm": 1.6004955768585205, "train/learning_rate": 0.00017805341602480744, "train/epoch": 0.0018038701213512628, "train/global_step": 11, "_timestamp": 1715733792.9651303, "_runtime": 78.06865334510803, "_step": 10, "_wandb": {"runtime": 83}}