{"train/loss": 2.3538, "train/grad_norm": 1.744350552558899, "train/learning_rate": 0.0, "train/epoch": 4.363636363636363, "train/global_step": 12, "_timestamp": 1716959742.5676997, "_runtime": 1082.3835427761078, "_step": 12, "train_runtime": 1075.2092, "train_samples_per_second": 1.953, "train_steps_per_second": 0.011, "total_flos": 3931334079012864.0, "train_loss": 2.366558094819387, "_wandb": {"runtime": 1082}}