{"train/loss": 4.1098, "train/grad_norm": 4.605246543884277, "train/learning_rate": 0.0, "train/epoch": 4.363636363636363, "train/global_step": 6, "_timestamp": 1716394155.9638848, "_runtime": 1141.8194787502289, "_step": 6, "train_runtime": 1129.8445, "train_samples_per_second": 1.859, "train_steps_per_second": 0.005, "total_flos": 4549927860854784.0, "train_loss": 4.418644905090332, "_wandb": {"runtime": 1142}}