{"train/loss": 10.2159, "train/grad_norm": 14.363385200500488, "train/learning_rate": 0.0, "train/epoch": 4.363636363636363, "train/global_step": 6, "_timestamp": 1716152769.1652896, "_runtime": 290.5106637477875, "_step": 6, "train_runtime": 277.9562, "train_samples_per_second": 7.555, "train_steps_per_second": 0.022, "total_flos": 986659554435072.0, "train_loss": 11.166001796722412, "_wandb": {"runtime": 290}}