{"train_runtime": 808.689, "train_samples_per_second": 2.597, "train_steps_per_second": 0.015, "total_flos": 1.1705062207168512e+16, "train_loss": 9.940240224202475, "train/epoch": 4.363636363636363, "train/global_step": 12, "_timestamp": 1717455862.6087673, "_runtime": 822.0599753856659, "_step": 0, "_wandb": {"runtime": 822}}