{"train/loss": 1.3359, "train/grad_norm": 1.7458702325820923, "train/learning_rate": 1.4674493062966917e-05, "train/epoch": 0.26666666666666666, "train/global_step": 500, "_timestamp": 1717378450.1465454, "_runtime": 4285.515828371048, "_step": 0, "_wandb": {"runtime": 4567}}