{"train_runtime": 870.4882, "train_samples_per_second": 2.412, "train_steps_per_second": 0.014, "total_flos": 3521583689465856.0, "train_loss": 2.2869903246561685, "train/epoch": 4.363636363636363, "train/global_step": 12, "_timestamp": 1717451525.9511456, "_runtime": 877.6561965942383, "_step": 0, "_wandb": {"runtime": 878}}