{"train/loss": 3.0855, "train/grad_norm": 1.7132889032363892, "train/learning_rate": 0.0, "train/epoch": 4.363636363636363, "train/global_step": 12, "_timestamp": 1716958650.670452, "_runtime": 260.41554522514343, "_step": 12, "train_runtime": 253.6185, "train_samples_per_second": 8.28, "train_steps_per_second": 0.047, "total_flos": 785975072931840.0, "train_loss": 3.258657614390055, "_wandb": {"runtime": 261}}