{"train/loss": 4.6556, "train/grad_norm": 6.792334079742432, "train/learning_rate": 0.0, "train/epoch": 4.363636363636363, "train/global_step": 6, "_timestamp": 1716080776.9110973, "_runtime": 313.75471019744873, "_step": 6, "train_runtime": 307.2122, "train_samples_per_second": 6.836, "train_steps_per_second": 0.02, "total_flos": 1201881731530752.0, "train_loss": 4.80680775642395, "_wandb": {"runtime": 313}}