{"train/loss": 0.8874, "train/grad_norm": 0.5027901530265808, "train/learning_rate": 0.0001580474142242673, "train/epoch": 0.0017218760249262054, "train/global_step": 21, "_timestamp": 1715728094.3815973, "_runtime": 60.48255920410156, "_step": 20}