{"train/loss": 23.5615, "train/grad_norm": 26.78104019165039, "train/learning_rate": 0.0, "train/epoch": 4.363636363636363, "train/global_step": 6, "_timestamp": 1716841513.851587, "_runtime": 1088.423527956009, "_step": 6, "train_runtime": 1073.6654, "train_samples_per_second": 1.956, "train_steps_per_second": 0.006, "total_flos": 4115638254034944.0, "train_loss": 25.313058535257976, "_wandb": {"runtime": 1089}}