{"train/loss": 9.0022, "train/grad_norm": 13.354941368103027, "train/learning_rate": 0.0, "train/epoch": 4.363636363636363, "train/global_step": 6, "_timestamp": 1716331825.1986935, "_runtime": 284.26364159584045, "_step": 6, "train_runtime": 271.8087, "train_samples_per_second": 7.726, "train_steps_per_second": 0.022, "total_flos": 1066443812388864.0, "train_loss": 9.88797108332316, "_wandb": {"runtime": 284}}