{"train/loss": 4.6559, "train/grad_norm": 7.023099422454834, "train/learning_rate": 0.0, "train/epoch": 4.363636363636363, "train/global_step": 6, "_timestamp": 1716059047.3642259, "_runtime": 625.4776468276978, "_step": 6, "train_runtime": 617.7423, "train_samples_per_second": 3.399, "train_steps_per_second": 0.01, "total_flos": 1201881731530752.0, "train_loss": 4.806711355845134, "_wandb": {"runtime": 625}}