{"train/loss": 1.2767, "train/grad_norm": 0.37729397416114807, "train/learning_rate": 0.0, "train/epoch": 72.72727272727273, "train/global_step": 100, "_timestamp": 1715959669.7389946, "_runtime": 1982.051414489746, "_step": 100, "train_runtime": 1983.4901, "train_samples_per_second": 12.907, "train_steps_per_second": 0.05, "total_flos": 1.9714608134651904e+16, "train_loss": 2.119398903846741}