{"train/loss": 4.3435, "train/grad_norm": 6.583791255950928, "train/learning_rate": 0.0, "train/epoch": 4.363636363636363, "train/global_step": 6, "_timestamp": 1715982948.6302924, "_runtime": 126.86515736579895, "_step": 6, "train_runtime": 127.5628, "train_samples_per_second": 16.462, "train_steps_per_second": 0.047, "total_flos": 1201881731530752.0, "train_loss": 4.450608412424724, "_wandb": {"runtime": 127}}