{"train/loss": 1.7007, "train/grad_norm": 8.318009376525879, "train/learning_rate": 0.0, "train/epoch": 4.363636363636363, "train/global_step": 12, "_timestamp": 1716973704.9369378, "_runtime": 3969.830058813095, "_step": 12, "train_runtime": 3959.3722, "train_samples_per_second": 0.53, "train_steps_per_second": 0.003, "total_flos": 1.521013340000256e+16, "train_loss": 1.8924832741419475, "_wandb": {"runtime": 3970}}