{"train/loss": 3.8573, "train/grad_norm": 3.3770909309387207, "train/learning_rate": 1.99861820409268e-05, "train/epoch": 0.004266666666666667, "train/global_step": 1, "_timestamp": 1716330146.6017582, "_runtime": 49.95258116722107, "_step": 0}