{"train/loss": 1.1552, "train/grad_norm": 0.3372223973274231, "train/learning_rate": 7.708779443254819e-07, "train/epoch": 0.9984, "train/global_step": 468, "_timestamp": 1717479483.9449818, "_runtime": 9668.767498731613, "_step": 18, "train_runtime": 9657.5378, "train_samples_per_second": 6.213, "train_steps_per_second": 0.048, "total_flos": 1.2558136153020826e+17, "train_loss": 1.2606713710687099, "_wandb": {"runtime": 9669}}