{"train/loss": 2.8896, "train/grad_norm": 11.369569778442383, "train/learning_rate": 1.576017130620985e-05, "train/epoch": 0.21333333333333335, "train/global_step": 100, "_timestamp": 1717553265.6024117, "_runtime": 24486.856930732727, "_step": 1}