{"train/loss": 0.8905, "train/grad_norm": 0.8971813917160034, "train/learning_rate": 7.708779443254819e-07, "train/epoch": 0.9984, "train/global_step": 468, "_timestamp": 1717528766.3488626, "_runtime": 29943.047105550766, "_step": 18, "train_runtime": 29928.5246, "train_samples_per_second": 2.005, "train_steps_per_second": 0.016, "total_flos": 4.846457445796086e+17, "train_loss": 0.9534722393394536, "_wandb": {"runtime": 29943}}