{"train/loss": 5.6358, "train/grad_norm": 14.195165634155273, "train/learning_rate": 0.0, "train/epoch": 4.363636363636363, "train/global_step": 6, "_timestamp": 1716135315.247505, "_runtime": 342.71279406547546, "_step": 6, "train_runtime": 335.7171, "train_samples_per_second": 6.255, "train_steps_per_second": 0.018, "total_flos": 1326663618699264.0, "train_loss": 6.385599454243978, "_wandb": {"runtime": 342}}