{"train/loss": 3.8602, "train/grad_norm": 4.470965385437012, "train/learning_rate": 0.0, "train/epoch": 4.363636363636363, "train/global_step": 6, "_timestamp": 1716391837.7749445, "_runtime": 1142.5935864448547, "_step": 6, "train_runtime": 1130.2608, "train_samples_per_second": 1.858, "train_steps_per_second": 0.005, "total_flos": 4549927860854784.0, "train_loss": 4.146677851676941, "_wandb": {"runtime": 1143}}