{"train/loss": 4.6549, "train/grad_norm": 6.873950004577637, "train/learning_rate": 0.0, "train/epoch": 4.363636363636363, "train/global_step": 6, "_timestamp": 1716081243.8341608, "_runtime": 313.7488327026367, "_step": 6, "train_runtime": 307.1052, "train_samples_per_second": 6.838, "train_steps_per_second": 0.02, "total_flos": 1201881731530752.0, "train_loss": 4.806186596552531, "_wandb": {"runtime": 313}}