{"train/loss": 2.5866, "train/grad_norm": 3.1782820224761963, "train/learning_rate": 0.0, "train/epoch": 4.363636363636363, "train/global_step": 6, "_timestamp": 1716130309.5538774, "_runtime": 1195.3824002742767, "_step": 6, "train_runtime": 1188.5269, "train_samples_per_second": 1.767, "train_steps_per_second": 0.005, "total_flos": 4770663483727872.0, "train_loss": 2.6179460684458413, "_wandb": {"runtime": 1195}}