{"train/loss": 10.2018, "train/grad_norm": 14.550174713134766, "train/learning_rate": 0.0, "train/epoch": 4.363636363636363, "train/global_step": 6, "_timestamp": 1716153580.1601248, "_runtime": 289.26685976982117, "_step": 6, "train_runtime": 276.8602, "train_samples_per_second": 7.585, "train_steps_per_second": 0.022, "total_flos": 986659554435072.0, "train_loss": 11.15894333521525, "_wandb": {"runtime": 289}}