{"train/loss": 2.7784, "train/grad_norm": 3.049046039581299, "train/learning_rate": 0.0, "train/epoch": 4.363636363636363, "train/global_step": 6, "_timestamp": 1716132339.8598585, "_runtime": 1193.7414515018463, "_step": 6, "train_runtime": 1187.0038, "train_samples_per_second": 1.769, "train_steps_per_second": 0.005, "total_flos": 4770663483727872.0, "train_loss": 2.8192185163497925, "_wandb": {"runtime": 1193}}