{"train/loss": 23.6036, "train/grad_norm": 26.40374755859375, "train/learning_rate": 0.0, "train/epoch": 4.363636363636363, "train/global_step": 6, "_timestamp": 1716483541.5969238, "_runtime": 1036.6311438083649, "_step": 6, "train_runtime": 998.3708, "train_samples_per_second": 2.103, "train_steps_per_second": 0.006, "total_flos": 4115638254034944.0, "train_loss": 25.33415762583415, "_wandb": {"runtime": 1037}}