{"train/loss": 5.3065, "train/grad_norm": 9.53063678741455, "train/learning_rate": 0.0, "train/epoch": 4.363636363636363, "train/global_step": 6, "_timestamp": 1716328412.9358275, "_runtime": 282.90868759155273, "_step": 6, "train_runtime": 271.0117, "train_samples_per_second": 7.749, "train_steps_per_second": 0.022, "total_flos": 1066443812388864.0, "train_loss": 5.388743718465169, "_wandb": {"runtime": 283}}