{"train/loss": 6.1121, "train/grad_norm": 9.65820026397705, "train/learning_rate": 0.0, "train/epoch": 4.363636363636363, "train/global_step": 6, "_timestamp": 1716140014.290774, "_runtime": 280.54351711273193, "_step": 12, "eval/loss": 6.15548849105835, "eval/runtime": 4.2133, "eval/samples_per_second": 17.801, "eval/steps_per_second": 0.712, "train_runtime": 273.4968, "train_samples_per_second": 7.678, "train_steps_per_second": 0.022, "total_flos": 967770439753728.0, "train_loss": 6.24251929918925, "_wandb": {"runtime": 280}}