{"train/loss": 6.3525, "train/grad_norm": 8.655592918395996, "train/learning_rate": 0.0, "train/epoch": 4.363636363636363, "train/global_step": 12, "_timestamp": 1716913475.930587, "_runtime": 4184.4015300273895, "_step": 12, "train_runtime": 4159.9195, "train_samples_per_second": 0.505, "train_steps_per_second": 0.003, "total_flos": 1.6012002549325824e+16, "train_loss": 7.272624770800273, "_wandb": {"runtime": 4185}}