{"train/loss": 4.6545, "train/grad_norm": 7.222145080566406, "train/learning_rate": 0.0, "train/epoch": 4.363636363636363, "train/global_step": 6, "_timestamp": 1716080165.0561943, "_runtime": 313.7003562450409, "_step": 6, "train_runtime": 306.7992, "train_samples_per_second": 6.845, "train_steps_per_second": 0.02, "total_flos": 1201881731530752.0, "train_loss": 4.805934826533, "_wandb": {"runtime": 313}}