{"train/loss": 2.2351, "train/grad_norm": 1.3068588972091675, "train/learning_rate": 7.708779443254819e-07, "train/epoch": 0.9984, "train/global_step": 468, "_timestamp": 1717450987.8220792, "_runtime": 16114.892670154572, "_step": 36, "eval/loss": 2.238093137741089, "eval/runtime": 391.6161, "eval/samples_per_second": 19.151, "eval/steps_per_second": 1.198, "train_runtime": 16102.377, "train_samples_per_second": 3.726, "train_steps_per_second": 0.029, "total_flos": 2.828541082848461e+16, "train_loss": 2.3679505209637504, "_wandb": {"runtime": 16115}}