{"train/loss": 1.0831, "train/grad_norm": 0.3302554190158844, "train/learning_rate": 7.708779443254819e-07, "train/epoch": 0.9984, "train/global_step": 468, "_timestamp": 1717498813.70141, "_runtime": 9674.191341161728, "_step": 18, "train_runtime": 9662.9452, "train_samples_per_second": 6.209, "train_steps_per_second": 0.048, "total_flos": 1.256262602635346e+17, "train_loss": 1.1745975975297456, "_wandb": {"runtime": 9674}}