{"train_runtime": 3191.7241, "train_samples_per_second": 0.658, "train_steps_per_second": 0.004, "total_flos": 1.3590556181938176e+16, "train_loss": 2.1737095514933267, "train/epoch": 4.363636363636363, "train/global_step": 12, "_timestamp": 1717454741.3106332, "_runtime": 3202.1245222091675, "_step": 0, "_wandb": {"runtime": 3202}}