{"train/loss": 8.9434, "train/grad_norm": 8.606438636779785, "train/learning_rate": 1.6750418760469013e-05, "train/epoch": 0.7272727272727273, "train/global_step": 1, "_timestamp": 1716848103.0252202, "_runtime": 763.4889762401581, "_step": 0, "_wandb": {"runtime": 1266}}