{"train/loss": 1.9707, "train/grad_norm": 2.6407511234283447, "train/learning_rate": 1.7872795296632818e-05, "train/epoch": 0.4266666666666667, "train/global_step": 200, "_timestamp": 1717165094.5240781, "_runtime": 28227.81592607498, "_step": 15, "eval/loss": 1.9828613996505737, "eval/runtime": 1591.4231, "eval/samples_per_second": 4.713, "eval/steps_per_second": 0.295, "_wandb": {"runtime": 29329}}