{"train/loss": 2.7826, "train/grad_norm": 3.047814130783081, "train/learning_rate": 0.0, "train/epoch": 4.363636363636363, "train/global_step": 6, "_timestamp": 1716130435.2829492, "_runtime": 1315.0993993282318, "_step": 6, "train_runtime": 1308.3831, "train_samples_per_second": 1.605, "train_steps_per_second": 0.005, "total_flos": 4819468604645376.0, "train_loss": 2.8191246589024863, "_wandb": {"runtime": 1314}}