{"train/loss": 1.2764, "train/grad_norm": 0.5826510190963745, "train/learning_rate": 0.0, "train/epoch": 9.090909090909092, "train/global_step": 100, "_timestamp": 1715892689.6666446, "_runtime": 539.2141246795654, "_step": 100, "train_runtime": 540.1362, "train_samples_per_second": 5.924, "train_steps_per_second": 0.185, "total_flos": 2009894341484544.0, "train_loss": 1.9645033884048462}