{"train/loss": 7.796, "train/grad_norm": 8.058608055114746, "train/learning_rate": 0.0, "train/epoch": 4.363636363636363, "train/global_step": 6, "_timestamp": 1716847327.6091733, "_runtime": 4533.602392196655, "_step": 6, "train_runtime": 4512.0612, "train_samples_per_second": 0.465, "train_steps_per_second": 0.001, "total_flos": 1.773672729268224e+16, "train_loss": 8.45858105023702, "_wandb": {"runtime": 4534}}