{"train/loss": 7.0826, "train/grad_norm": 14.00697135925293, "train/learning_rate": 0.0, "train/epoch": 4.363636363636363, "train/global_step": 6, "_timestamp": 1716306038.1440833, "_runtime": 244.4468162059784, "_step": 6, "train_runtime": 237.5148, "train_samples_per_second": 8.842, "train_steps_per_second": 0.025, "total_flos": 854806611247104.0, "train_loss": 7.601589282353719, "_wandb": {"runtime": 245}}