{"train/loss": 8.9904, "train/grad_norm": 13.402486801147461, "train/learning_rate": 0.0, "train/epoch": 4.363636363636363, "train/global_step": 6, "_timestamp": 1716390685.4160624, "_runtime": 284.1432993412018, "_step": 6, "train_runtime": 271.8768, "train_samples_per_second": 7.724, "train_steps_per_second": 0.022, "total_flos": 1066443812388864.0, "train_loss": 9.880017757415771, "_wandb": {"runtime": 284}}