{"train/loss": 5.8872, "train/grad_norm": 10.18928050994873, "train/learning_rate": 0.0, "train/epoch": 4.363636363636363, "train/global_step": 6, "_timestamp": 1716141244.7499142, "_runtime": 287.42933320999146, "_step": 12, "eval/loss": 5.919917583465576, "eval/runtime": 4.2815, "eval/samples_per_second": 17.517, "eval/steps_per_second": 0.701, "train_runtime": 280.6741, "train_samples_per_second": 7.482, "train_steps_per_second": 0.021, "total_flos": 986659554435072.0, "train_loss": 6.025126377741496, "_wandb": {"runtime": 287}}