{"train/loss": 0.8314, "train/grad_norm": 0.38042518496513367, "train/learning_rate": 0.0, "train/epoch": 0.016398819285011478, "train/global_step": 100, "_timestamp": 1715736188.5906727, "_runtime": 1115.0970697402954, "_step": 100, "train_runtime": 1115.7633, "train_samples_per_second": 1.434, "train_steps_per_second": 0.09, "total_flos": 4961532611002368.0, "train_loss": 1.0991934221982955, "_wandb": {"runtime": 1115}}