{"train_runtime": 264.7321, "train_samples_per_second": 7.933, "train_steps_per_second": 0.045, "total_flos": 3003060706394112.0, "train_loss": 4.8441823323567705, "train/epoch": 4.363636363636363, "train/global_step": 12, "_timestamp": 1717455028.106235, "_runtime": 276.07755613327026, "_step": 0, "_wandb": {"runtime": 276}}