{"train/loss": 4.6568, "train/grad_norm": 6.824154853820801, "train/learning_rate": 0.0, "train/epoch": 4.363636363636363, "train/global_step": 6, "_timestamp": 1716058982.3869374, "_runtime": 668.0536243915558, "_step": 6, "train_runtime": 661.1941, "train_samples_per_second": 3.176, "train_steps_per_second": 0.009, "total_flos": 1201881731530752.0, "train_loss": 4.807283878326416, "_wandb": {"runtime": 667}}