{"train/loss": 6.9754, "train/grad_norm": 28.68729019165039, "train/learning_rate": 0.0, "train/epoch": 4.363636363636363, "train/global_step": 6, "_timestamp": 1716312728.7524087, "_runtime": 386.2628996372223, "_step": 6, "train_runtime": 378.7414, "train_samples_per_second": 5.545, "train_steps_per_second": 0.016, "total_flos": 805581182803968.0, "train_loss": 7.534188270568848, "_wandb": {"runtime": 387}}