{"train/loss": 2.6709, "train/grad_norm": 14.100271224975586, "train/learning_rate": 0.0, "train/epoch": 4.363636363636363, "train/global_step": 12, "_timestamp": 1716965732.416231, "_runtime": 911.3907718658447, "_step": 12, "train_runtime": 901.0706, "train_samples_per_second": 2.331, "train_steps_per_second": 0.013, "total_flos": 3033248483696640.0, "train_loss": 3.4254830479621887, "_wandb": {"runtime": 912}}