{"train/loss": 2.3143, "train/grad_norm": 1.3929208517074585, "train/learning_rate": 0.00019805941782534764, "train/epoch": 0.0006559594945012145, "train/global_step": 1, "_timestamp": 1715731531.9095232, "_runtime": 34.26274824142456, "_step": 0, "_wandb": {"runtime": 51}}