{"train/loss": 1.214, "train/grad_norm": 0.9993849396705627, "train/learning_rate": 1.5747863247863247e-05, "train/epoch": 0.21333333333333335, "train/global_step": 200, "_timestamp": 1717214270.5860987, "_runtime": 2429.5663917064667, "_step": 1, "_wandb": {"runtime": 2961}}