{"train/loss": 1.3872, "train/grad_norm": 0.3248184025287628, "train/learning_rate": 7.708779443254819e-07, "train/epoch": 0.9984, "train/global_step": 468, "_timestamp": 1717489127.66913, "_runtime": 9633.176467180252, "_step": 18, "train_runtime": 9621.9469, "train_samples_per_second": 6.236, "train_steps_per_second": 0.049, "total_flos": 1.248115559350272e+17, "train_loss": 1.4980931404309394, "_wandb": {"runtime": 9633}}